Title,Block,Room,Participant Count
The Coach's Toughest Challenge: Getting the most out of your athletes,1,Gilchrest Auditorium,12
From Arrival to Belonging: A conversation on how to best support international students,2,RAC Auditorium,12
Creating an Inclusive Space for Every Body at School: Eating Disorder Prevention_+ Promotion of Body Connection,1,Hubbard Auditorium,17
Creating an Inclusive Space for Every Body at School: Eating Disorder Prevention_+ Promotion of Body Connection,2,Hubbard Auditorium,12
Supporting The Parents of Anxious Teens,2,Gilchrest Auditorium,14
Intellectual Candor: A framework for navigating the tension between vulnerability and credibility in learning conversations,1,Nee Room,10
Teaching and Caring for Boys,1,Nichols Center,12
Teaching and Caring for Boys,2,Nichols Center,13
Grief and Grieving: How to support grieving kids & Teens,2,Nee Room,11
"How to assess and assist students who are high utilizers of the health care office, and in the process support the healthcare professional",1,RAC Auditorium,11
